# alias	paper_id
adaptive-pruning	adaptive-pruning
all-in-one	all-in-one
bam	bam
bbox	bbox
bridging-data-gaps	bridging-data-gaps
fre	fre
ftrl	ftrl
lbcs	lbcs
lca-on-the-line	lca-on-the-line
mechanistic-understanding	mechanistic-understanding
pinn	pinn
rice	rice
robust-clip	robust-clip
sample-specific-masks	sample-specific-masks
sapg	sapg
self-composing-policies	self-composing-policies
self-expansion	self-expansion
semantic	semantic-self-consistency
semantic-self-consistency	semantic-self-consistency
sequential-neural-score-estimation	sequential-neural-score-estimation
stay-on-topic-with-classifier-free-guidance	stay-on-topic-with-classifier-free-guidance
stochastic-interpolants	stochastic-interpolants
test-time-model-adaptation	test-time-model-adaptation
what-will-my-model-forget	what-will-my-model-forget
